<?xml version="1.0" encoding="UTF-8"?>
<GenRun Id="clk_mmcm_wiz_synth_1" LaunchPart="xc7a35tcpg236-1" LaunchTime="1740085166">
  <File Type="PA-TCL" Name="clk_mmcm_wiz.tcl"/>
  <File Type="REPORTS-TCL" Name="clk_mmcm_wiz_reports.tcl"/>
  <File Type="RDS-RDS" Name="clk_mmcm_wiz.vds"/>
  <File Type="RDS-UTIL" Name="clk_mmcm_wiz_utilization_synth.rpt"/>
  <File Type="RDS-UTIL-PB" Name="clk_mmcm_wiz_utilization_synth.pb"/>
  <File Type="RDS-DCP" Name="clk_mmcm_wiz.dcp"/>
  <FileSet Name="sources" Type="BlockSrcs" RelSrcDir="$PSRCDIR/clk_mmcm_wiz">
    <File Path="$PSRCDIR/sources_1/ip/clk_mmcm_wiz/clk_mmcm_wiz.xci">
      <FileInfo>
        <Attr Name="ImportPath" Val="$PPRDIR/../../../../../../../../lab_3/lab_3.srcs/sources_1/ip/clk_mmcm_wiz/clk_mmcm_wiz.xci"/>
        <Attr Name="ImportTime" Val="1740085159"/>
        <Attr Name="UsedIn" Val="synthesis"/>
        <Attr Name="UsedIn" Val="implementation"/>
        <Attr Name="UsedIn" Val="simulation"/>
      </FileInfo>
    </File>
    <Config>
      <Option Name="TopModule" Val="clk_mmcm_wiz"/>
      <Option Name="UseBlackboxStub" Val="1"/>
    </Config>
  </FileSet>
  <FileSet Name="constrs_in" Type="BlockSrcs" RelSrcDir="$PSRCDIR/clk_mmcm_wiz">
    <File Path="$PSRCDIR/sources_1/ip/clk_mmcm_wiz/clk_mmcm_wiz.xci">
      <FileInfo>
        <Attr Name="ImportPath" Val="$PPRDIR/../../../../../../../../lab_3/lab_3.srcs/sources_1/ip/clk_mmcm_wiz/clk_mmcm_wiz.xci"/>
        <Attr Name="ImportTime" Val="1740085159"/>
        <Attr Name="UsedIn" Val="synthesis"/>
        <Attr Name="UsedIn" Val="implementation"/>
        <Attr Name="UsedIn" Val="simulation"/>
      </FileInfo>
    </File>
    <Config>
      <Option Name="TopModule" Val="clk_mmcm_wiz"/>
      <Option Name="UseBlackboxStub" Val="1"/>
    </Config>
  </FileSet>
  <FileSet Name="utils" Type="Utils" RelSrcDir="$PSRCDIR/utils_1">
    <Filter Type="Utils"/>
    <Config>
      <Option Name="TopAutoSet" Val="TRUE"/>
    </Config>
  </FileSet>
  <Strategy Version="1" Minor="2">
    <StratHandle Name="Vivado Synthesis Defaults" Flow="Vivado Synthesis 2021"/>
    <Step Id="synth_design"/>
  </Strategy>
</GenRun>
