{
  "version": "2021.1",
  "applications": [],
  "platforms": [],
  "systems": [
    {
      "name": "lab4_system",
      "platform": "C:/Users/cwilding/Downloads/Lab4_start_bitstream.xpr/design_1_wrapper/export/design_1_wrapper/design_1_wrapper.xpfm",
      "sysConfig": "design_1_wrapper",
      "buildConfig": "Debug",
      "applications": [
        {
          "name": "lab4",
          "platform": "C:/Users/cwilding/Downloads/Lab4_start_bitstream.xpr/design_1_wrapper/export/design_1_wrapper/design_1_wrapper.xpfm",
          "platformPath": "C:\\Users\\cwilding\\Downloads\\Lab4_start_bitstream.xpr\\design_1_wrapper\\export\\design_1_wrapper",
          "sysConfig": "design_1_wrapper",
          "domain": "standalone_microblaze_0",
          "system": "lab4_system"
        }
      ],
      "platformPath": "C:\\Users\\cwilding\\Downloads\\Lab4_start_bitstream.xpr\\design_1_wrapper\\export\\design_1_wrapper"
    }
  ],
  "others": []
}