<?xml version="1.0" encoding="UTF-8"?>
<GenRun Id="impl_1" LaunchPart="xc7a35tcpg236-1" LaunchTime="1739306548">
  <File Type="ROUTE-PWR" Name="lab2_top_power_routed.rpt"/>
  <File Type="PA-TCL" Name="lab2_top.tcl"/>
  <File Type="ROUTE-PWR-SUM" Name="lab2_top_power_summary_routed.pb"/>
  <File Type="REPORTS-TCL" Name="lab2_top_reports.tcl"/>
  <File Type="BITSTR-MSK" Name="lab2_top.msk"/>
  <File Type="ROUTE-CLK" Name="lab2_top_clock_utilization_routed.rpt"/>
  <File Type="RDI-RDI" Name="lab2_top.vdi"/>
  <File Type="BG-BIT" Name="lab2_top.bit"/>
  <File Type="BG-DRC" Name="lab2_top.drc"/>
  <File Type="BG-BGN" Name="lab2_top.bgn"/>
  <File Type="BG-BIN" Name="lab2_top.bin"/>
  <File Type="BITSTR-RBT" Name="lab2_top.rbt"/>
  <File Type="BITSTR-NKY" Name="lab2_top.nky"/>
  <File Type="BITSTR-BMM" Name="lab2_top_bd.bmm"/>
  <File Type="BITSTR-MMI" Name="lab2_top.mmi"/>
  <File Type="ROUTE-METHODOLOGY-DRC" Name="lab2_top_methodology_drc_routed.rpt"/>
  <File Type="BITSTR-SYSDEF" Name="lab2_top.sysdef"/>
  <File Type="BITSTR-LTX" Name="debug_nets.ltx"/>
  <File Type="BITSTR-LTX" Name="lab2_top.ltx"/>
  <File Type="WBT-USG" Name="usage_statistics_webtalk.html"/>
  <File Type="OPT-DRC" Name="lab2_top_drc_opted.rpt"/>
  <File Type="OPT-HWDEF" Name="lab2_top.hwdef"/>
  <File Type="PLACE-IO" Name="lab2_top_io_placed.rpt"/>
  <File Type="PLACE-UTIL" Name="lab2_top_utilization_placed.rpt"/>
  <File Type="PLACE-UTIL-PB" Name="lab2_top_utilization_placed.pb"/>
  <File Type="PLACE-CTRL" Name="lab2_top_control_sets_placed.rpt"/>
  <File Type="PLACE-PRE-SIMILARITY" Name="lab2_top_incremental_reuse_pre_placed.rpt"/>
  <File Type="ROUTE-DRC" Name="lab2_top_drc_routed.rpt"/>
  <File Type="ROUTE-DRC-PB" Name="lab2_top_drc_routed.pb"/>
  <File Type="ROUTE-PWR-RPX" Name="lab2_top_power_routed.rpx"/>
  <File Type="ROUTE-STATUS" Name="lab2_top_route_status.rpt"/>
  <File Type="ROUTE-STATUS-PB" Name="lab2_top_route_status.pb"/>
  <File Type="ROUTE-DCP" Name="lab2_top_routed.dcp"/>
  <File Type="ROUTE-ERROR-DCP" Name="lab2_top_routed_error.dcp"/>
  <File Type="ROUTE-BLACKBOX-DCP" Name="lab2_top_routed_bb.dcp"/>
  <File Type="ROUTE-TIMINGSUMMARY" Name="lab2_top_timing_summary_routed.rpt"/>
  <File Type="ROUTE-TIMING-PB" Name="lab2_top_timing_summary_routed.pb"/>
  <File Type="ROUTE-TIMING-RPX" Name="lab2_top_timing_summary_routed.rpx"/>
  <File Type="ROUTE-BUS-SKEW" Name="lab2_top_bus_skew_routed.rpt"/>
  <File Type="ROUTE-BUS-SKEW-PB" Name="lab2_top_bus_skew_routed.pb"/>
  <File Type="ROUTE-BUS-SKEW-RPX" Name="lab2_top_bus_skew_routed.rpx"/>
  <File Type="OPT-DCP" Name="lab2_top_opt.dcp"/>
  <File Type="PLACE-DCP" Name="lab2_top_placed.dcp"/>
  <File Type="PWROPT-DCP" Name="lab2_top_pwropt.dcp"/>
  <File Type="POSTPLACE-PWROPT-DCP" Name="lab2_top_postplace_pwropt.dcp"/>
  <File Type="PHYSOPT-DCP" Name="lab2_top_physopt.dcp"/>
  <File Type="POSTROUTE-PHYSOPT-DCP" Name="lab2_top_postroute_physopt.dcp"/>
  <File Type="POSTROUTE-PHYSOPT-BLACKBOX-DCP" Name="lab2_top_postroute_physopt_bb.dcp"/>
  <File Type="ROUTE-METHODOLOGY-DRC-PB" Name="lab2_top_methodology_drc_routed.pb"/>
  <File Type="ROUTE-DRC-RPX" Name="lab2_top_drc_routed.rpx"/>
  <File Type="ROUTE-METHODOLOGY-DRC-RPX" Name="lab2_top_methodology_drc_routed.rpx"/>
  <File Type="PDI-FILE" Name="lab2_top.pdi"/>
  <File Type="RCFI_FILE" Name="lab2_top.rcfi"/>
  <File Type="CFI_FILE" Name="lab2_top.cfi"/>
  <File Type="RNPI_FILE" Name="lab2_top.rnpi"/>
  <File Type="NPI_FILE" Name="lab2_top.npi"/>
  <File Type="RBD_FILE" Name="lab2_top.rbd"/>
  <FileSet Name="sources" Type="DesignSrcs" RelSrcDir="$PSRCDIR/sources_1" RelGenDir="$PGENDIR/sources_1">
    <Filter Type="Srcs"/>
    <File Path="$PSRCDIR/sources_1/new/debouncer.v">
      <FileInfo>
        <Attr Name="ImportPath" Val="$PPRDIR/../../../../../../../../lab_2/lab_2.srcs/sources_1/new/debouncer.v"/>
        <Attr Name="ImportTime" Val="1739303024"/>
        <Attr Name="UsedIn" Val="synthesis"/>
        <Attr Name="UsedIn" Val="implementation"/>
        <Attr Name="UsedIn" Val="simulation"/>
      </FileInfo>
    </File>
    <File Path="$PSRCDIR/sources_1/new/drawBlock.v">
      <FileInfo>
        <Attr Name="ImportPath" Val="$PPRDIR/../../../../../../../../lab_2/lab_2.srcs/sources_1/new/drawBlock.v"/>
        <Attr Name="ImportTime" Val="1739303153"/>
        <Attr Name="UsedIn" Val="synthesis"/>
        <Attr Name="UsedIn" Val="implementation"/>
        <Attr Name="UsedIn" Val="simulation"/>
      </FileInfo>
    </File>
    <File Path="$PSRCDIR/sources_1/new/drawFullscreen.v">
      <FileInfo>
        <Attr Name="ImportPath" Val="$PPRDIR/../../../../../../../../lab_2/lab_2.srcs/sources_1/new/drawFullscreen.v"/>
        <Attr Name="ImportTime" Val="1739303098"/>
        <Attr Name="UsedIn" Val="synthesis"/>
        <Attr Name="UsedIn" Val="implementation"/>
        <Attr Name="UsedIn" Val="simulation"/>
      </FileInfo>
    </File>
    <File Path="$PSRCDIR/sources_1/new/drawMovingBlock.v">
      <FileInfo>
        <Attr Name="ImportPath" Val="$PPRDIR/../../../../../../../../lab_2/lab_2.srcs/sources_1/new/drawMovingBlock.v"/>
        <Attr Name="ImportTime" Val="1739303083"/>
        <Attr Name="UsedIn" Val="synthesis"/>
        <Attr Name="UsedIn" Val="implementation"/>
        <Attr Name="UsedIn" Val="simulation"/>
      </FileInfo>
    </File>
    <File Path="$PSRCDIR/sources_1/new/drawStripe.v">
      <FileInfo>
        <Attr Name="ImportPath" Val="$PPRDIR/../../../../../../../../lab_2/lab_2.srcs/sources_1/new/drawStripe.v"/>
        <Attr Name="ImportTime" Val="1739303458"/>
        <Attr Name="UsedIn" Val="synthesis"/>
        <Attr Name="UsedIn" Val="implementation"/>
        <Attr Name="UsedIn" Val="simulation"/>
      </FileInfo>
    </File>
    <File Path="$PSRCDIR/sources_1/new/drawStripes.v">
      <FileInfo>
        <Attr Name="ImportPath" Val="$PPRDIR/../../../../../../../../lab_2/lab_2.srcs/sources_1/new/drawStripes.v"/>
        <Attr Name="ImportTime" Val="1739303118"/>
        <Attr Name="UsedIn" Val="synthesis"/>
        <Attr Name="UsedIn" Val="implementation"/>
        <Attr Name="UsedIn" Val="simulation"/>
      </FileInfo>
    </File>
    <File Path="$PSRCDIR/sources_1/new/letter.v">
      <FileInfo>
        <Attr Name="ImportPath" Val="$PPRDIR/../../../../../../../../lab_2/lab_2.srcs/sources_1/new/letter.v"/>
        <Attr Name="ImportTime" Val="1739168519"/>
        <Attr Name="UsedIn" Val="synthesis"/>
        <Attr Name="UsedIn" Val="implementation"/>
        <Attr Name="UsedIn" Val="simulation"/>
      </FileInfo>
    </File>
    <File Path="$PSRCDIR/sources_1/new/seven_seg.v">
      <FileInfo>
        <Attr Name="ImportPath" Val="$PPRDIR/../../../../../../../../lab_2/lab_2.srcs/sources_1/new/seven_seg.v"/>
        <Attr Name="ImportTime" Val="1739306749"/>
        <Attr Name="UsedIn" Val="synthesis"/>
        <Attr Name="UsedIn" Val="implementation"/>
        <Attr Name="UsedIn" Val="simulation"/>
      </FileInfo>
    </File>
    <File Path="$PSRCDIR/sources_1/new/seven_seg_decoder.v">
      <FileInfo>
        <Attr Name="ImportPath" Val="$PPRDIR/../../../../../../../../lab_2/lab_2.srcs/sources_1/new/seven_seg_decoder.v"/>
        <Attr Name="ImportTime" Val="1739305864"/>
        <Attr Name="UsedIn" Val="synthesis"/>
        <Attr Name="UsedIn" Val="implementation"/>
        <Attr Name="UsedIn" Val="simulation"/>
      </FileInfo>
    </File>
    <File Path="$PSRCDIR/sources_1/new/typing.v">
      <FileInfo>
        <Attr Name="ImportPath" Val="$PPRDIR/../../../../../../../../lab_2/lab_2.srcs/sources_1/new/typing.v"/>
        <Attr Name="ImportTime" Val="1739168297"/>
        <Attr Name="UsedIn" Val="synthesis"/>
        <Attr Name="UsedIn" Val="implementation"/>
        <Attr Name="UsedIn" Val="simulation"/>
      </FileInfo>
    </File>
    <File Path="$PSRCDIR/sources_1/new/vgadisplay_select.v">
      <FileInfo>
        <Attr Name="ImportPath" Val="$PPRDIR/../../../../../../../../lab_2/lab_2.srcs/sources_1/new/vgadisplay_select.v"/>
        <Attr Name="ImportTime" Val="1739302973"/>
        <Attr Name="UsedIn" Val="synthesis"/>
        <Attr Name="UsedIn" Val="implementation"/>
        <Attr Name="UsedIn" Val="simulation"/>
      </FileInfo>
    </File>
    <File Path="$PSRCDIR/sources_1/imports/Downloads/vga_controller_640_60.vhd">
      <FileInfo>
        <Attr Name="ImportPath" Val="$PPRDIR/../../../../../../../../Downloads/vga_controller_640_60.vhd"/>
        <Attr Name="ImportTime" Val="1738959022"/>
        <Attr Name="UsedIn" Val="synthesis"/>
        <Attr Name="UsedIn" Val="simulation"/>
      </FileInfo>
    </File>
    <File Path="$PSRCDIR/sources_1/new/lab2_top.v">
      <FileInfo>
        <Attr Name="ImportPath" Val="$PPRDIR/../../../../../../../../lab_2/lab_2.srcs/sources_1/new/lab2_top.v"/>
        <Attr Name="ImportTime" Val="1739302830"/>
        <Attr Name="UsedIn" Val="synthesis"/>
        <Attr Name="UsedIn" Val="implementation"/>
        <Attr Name="UsedIn" Val="simulation"/>
      </FileInfo>
    </File>
    <File Path="$PSRCDIR/sources_1/new/vgadisplay_fullscreen.v">
      <FileInfo>
        <Attr Name="AutoDisabled" Val="1"/>
        <Attr Name="ImportPath" Val="$PPRDIR/../../../../../../../../lab_2/lab_2.srcs/sources_1/new/vgadisplay_fullscreen.v"/>
        <Attr Name="ImportTime" Val="1738961512"/>
        <Attr Name="UsedIn" Val="synthesis"/>
        <Attr Name="UsedIn" Val="implementation"/>
        <Attr Name="UsedIn" Val="simulation"/>
      </FileInfo>
    </File>
    <Config>
      <Option Name="DesignMode" Val="RTL"/>
      <Option Name="TopModule" Val="lab2_top"/>
    </Config>
  </FileSet>
  <FileSet Name="constrs_in" Type="Constrs" RelSrcDir="$PSRCDIR/constrs_1">
    <Filter Type="Constrs"/>
    <File Path="$PSRCDIR/constrs_1/new/vga_contstraints.xdc">
      <FileInfo>
        <Attr Name="ImportPath" Val="$PPRDIR/../../../../../../../../lab_2/lab_2.srcs/constrs_1/new/vga_contstraints.xdc"/>
        <Attr Name="ImportTime" Val="1739303355"/>
        <Attr Name="UsedIn" Val="synthesis"/>
        <Attr Name="UsedIn" Val="implementation"/>
      </FileInfo>
    </File>
    <Config>
      <Option Name="ConstrsType" Val="XDC"/>
    </Config>
  </FileSet>
  <FileSet Name="utils" Type="Utils" RelSrcDir="$PSRCDIR/utils_1">
    <Filter Type="Utils"/>
    <Config>
      <Option Name="TopAutoSet" Val="TRUE"/>
    </Config>
  </FileSet>
  <Strategy Version="1" Minor="2">
    <StratHandle Name="Vivado Implementation Defaults" Flow="Vivado Implementation 2021"/>
    <Step Id="init_design"/>
    <Step Id="opt_design"/>
    <Step Id="power_opt_design"/>
    <Step Id="place_design"/>
    <Step Id="post_place_power_opt_design"/>
    <Step Id="phys_opt_design"/>
    <Step Id="route_design"/>
    <Step Id="post_route_phys_opt_design"/>
    <Step Id="write_bitstream"/>
    <Step Id="write_device_image"/>
  </Strategy>
  <BlockFileSet Type="BlockSrcs" Name="clk_mmcm_wiz"/>
</GenRun>
